"Status","Name","Duration in ms","Description"
"passed","test_tree.TestTree#test_tree_init","20",""
"passed","test_node.TestNode#test_node_insert","3",""
"passed","test_tree.TestNode#test_node_delete","5",""
"passed","test_file_pipe.TestFilePipe#test_file_pipe_init","1",""
"passed","test_string_helper.TestStringHelper#test_sort_all","2",""
"passed","test_node.TestNode#test_node_delete","4",""
"passed","test_node.TestNode#test_search_method","6",""
"passed","test_tree.TestNode#test_binary_search","5",""
"passed","test_tree.TestNode#test_node_insert","4",""
"passed","test_string_helper.TestStringHelper#test_pinyin_get","1",""
"passed","test_file_pipe.TestFilePipe#test_read_file_system","126",""
"passed","test_node.TestNode#test_binary_search","4",""
"passed","test_tree.TestNode#test_search_method","7",""
